[{"NIK":null,"Nama":"Ericson","Jabatan":"CTO","Departemen":null,"Jenis_APD":"Safety Helmet","Jumlah":1,"Tanggal_Keluar":"26 Jun 2024","Next_Date":"26-Jun-28","Ukuran":null},{"NIK":null,"Nama":"Ericson","Jabatan":"CTO","Departemen":null,"Jenis_APD":"Fastrack","Jumlah":1,"Tanggal_Keluar":"16 Okt 2024","Next_Date":null,"Ukuran":null},{"NIK":null,"Nama":"Anite","Jabatan":"CFO","Departemen":null,"Jenis_APD":"Safety Helmet","Jumlah":1,"Tanggal_Keluar":"4 Okt 2024","Next_Date":"04-Okt-28","Ukuran":null},{"NIK":null,"Nama":"Aries","Jabatan":"President Dirictor","Departemen":null,"Jenis_APD":"Safety Helmet","Jumlah":1,"Tanggal_Keluar":"19 Nov 2024","Next_Date":"19-Nov-28","Ukuran":null},{"NIK":null,"Nama":"Checilia Yohana Sutini","Jabatan":"Manager","Departemen":"HR, GA, & IT DEPT","Jenis_APD":"Safety Helmet","Jumlah":1,"Tanggal_Keluar":"4 Okt 2024","Next_Date":"04-Okt-28","Ukuran":"40"},{"NIK":null,"Nama":"Checilia Yohana Sutini","Jabatan":"Manager","Departemen":"HR, GA, & IT DEPT","Jenis_APD":"Safety Shoes","Jumlah":1,"Tanggal_Keluar":"30 Jul 2024","Next_Date":"30-Jul-26","Ukuran":null},{"NIK":null,"Nama":"Joko Susilo","Jabatan":"Staff","Departemen":"HR, GA, & IT DEPT","Jenis_APD":"Safety Helmet","Jumlah":1,"Tanggal_Keluar":"12 Jul 2023","Next_Date":"12-Jul-27","Ukuran":"5"},{"NIK":null,"Nama":"Joko Susilo","Jabatan":"Staff","Departemen":"HR, GA, & IT DEPT","Jenis_APD":"Safety Shoes","Jumlah":2,"Tanggal_Keluar":"16-Jun-23","Next_Date":"15-Jun-25","Ukuran":null},{"NIK":null,"Nama":"Joko Susilo","Jabatan":"Staff","Departemen":"HR, GA, & IT DEPT","Jenis_APD":"Fastrack","Jumlah":1,"Tanggal_Keluar":"11 Des 2024","Next_Date":null,"Ukuran":null},{"NIK":null,"Nama":"Helmi Nopendra","Jabatan":"Staff","Departemen":"HR, GA, & IT DEPT","Jenis_APD":"Safety Helmet","Jumlah":1,"Tanggal_Keluar":"3 Des 2024","Next_Date":"03-Des-28","Ukuran":"8"},{"NIK":null,"Nama":"Helmi Nopendra","Jabatan":"Staff","Departemen":"HR, GA, & IT DEPT","Jenis_APD":"Safety Shoes","Jumlah":1,"Tanggal_Keluar":"22-Jul-24","Next_Date":"22-Jul-26","Ukuran":null},{"NIK":null,"Nama":"Hendrik Adi Saputra","Jabatan":"Staff","Departemen":"HR, GA, & IT DEPT","Jenis_APD":"Safety Shoes","Jumlah":1,"Tanggal_Keluar":"14 Apr 2025","Next_Date":"14-Apr-27","Ukuran":null},{"NIK":"TP00126","Nama":"Dony Kurniawan","Jabatan":"Staff","Departemen":"QUALITIY & PROJECT MANAGEMENT","Jenis_APD":"Safety Helmet","Jumlah":1,"Tanggal_Keluar":"10 Jul 2023","Next_Date":"10-Jul-27","Ukuran":"9"},{"NIK":"TP00126","Nama":"Dony Kurniawan","Jabatan":"Staff","Departemen":"QUALITIY & PROJECT MANAGEMENT","Jenis_APD":"Safety Shoes","Jumlah":1,"Tanggal_Keluar":"23 Jan 2025","Next_Date":"23-Jan-27","Ukuran":null},{"NIK":"TP00126","Nama":"Dony Kurniawan","Jabatan":"Staff","Departemen":"QUALITIY & PROJECT MANAGEMENT","Jenis_APD":"Fastrack","Jumlah":2,"Tanggal_Keluar":"20 Mei 2024","Next_Date":null,"Ukuran":null},{"NIK":null,"Nama":"Aldy","Jabatan":"Staff","Departemen":"QUALITIY & PROJECT MANAGEMENT","Jenis_APD":"Safety Helmet","Jumlah":1,"Tanggal_Keluar":"5 Mar 2024","Next_Date":"05-Mar-28","Ukuran":"8"},{"NIK":null,"Nama":"Aldy","Jabatan":"Staff","Departemen":"QUALITIY & PROJECT MANAGEMENT","Jenis_APD":"Safety Shoes","Jumlah":1,"Tanggal_Keluar":"24 Mar 2025","Next_Date":"24-Mar-27","Ukuran":null},{"NIK":null,"Nama":"Ria","Jabatan":"Staff","Departemen":"QUALITIY & PROJECT MANAGEMENT","Jenis_APD":"Safety Helmet","Jumlah":1,"Tanggal_Keluar":"26 Jun 2024","Next_Date":"26-Jun-28","Ukuran":"8"},{"NIK":null,"Nama":"Ria","Jabatan":"Staff","Departemen":"QUALITIY & PROJECT MANAGEMENT","Jenis_APD":"Safety Shoes","Jumlah":1,"Tanggal_Keluar":"19 Sep 2024","Next_Date":"19-Sep-26","Ukuran":null},{"NIK":null,"Nama":"Ikhlasul Reza Himawan","Jabatan":"Staff","Departemen":"QUALITIY & PROJECT MANAGEMENT","Jenis_APD":"Safety Helmet","Jumlah":1,"Tanggal_Keluar":"16 Okt 2024","Next_Date":"16-Okt-28","Ukuran":"8"},{"NIK":null,"Nama":"Ikhlasul Reza Himawan","Jabatan":"Staff","Departemen":"QUALITIY & PROJECT MANAGEMENT","Jenis_APD":"Safety Shoes","Jumlah":1,"Tanggal_Keluar":"17 Sep 2024","Next_Date":"17-Sep-26","Ukuran":null},{"NIK":null,"Nama":"Dewi Judani Nahar","Jabatan":"Staff","Departemen":"QUALITIY & PROJECT MANAGEMENT","Jenis_APD":"Safety Helmet","Jumlah":1,"Tanggal_Keluar":"11 Feb 2025","Next_Date":"11-Feb-29","Ukuran":"37"},{"NIK":null,"Nama":"Dewi Judani Nahar","Jabatan":"Staff","Departemen":"QUALITIY & PROJECT MANAGEMENT","Jenis_APD":"Safety Shoes","Jumlah":1,"Tanggal_Keluar":"11 Feb 2025","Next_Date":"11-Feb-27","Ukuran":null},{"NIK":null,"Nama":"Agung Syaifullah","Jabatan":"Staff","Departemen":"QUALITIY & PROJECT MANAGEMENT","Jenis_APD":"Safety Shoes","Jumlah":1,"Tanggal_Keluar":"30 Jun 2025","Next_Date":"30-Jun-27","Ukuran":null},{"NIK":null,"Nama":"Robby Abryanto","Jabatan":"Staff","Departemen":"QUALITIY & PROJECT MANAGEMENT","Jenis_APD":"Safety Shoes","Jumlah":1,"Tanggal_Keluar":"11 Agu 2025","Next_Date":"11-Agu-27","Ukuran":null},{"NIK":null,"Nama":"Wiwiek Agustina","Jabatan":"Staff","Departemen":"QUALITIY & PROJECT MANAGEMENT","Jenis_APD":"Safety Helmet","Jumlah":1,"Tanggal_Keluar":"16 Okt 2024","Next_Date":"16-Okt-28","Ukuran":"39"},{"NIK":null,"Nama":"Wiwiek Agustina","Jabatan":"Staff","Departemen":"QUALITIY & PROJECT MANAGEMENT","Jenis_APD":"Safety Shoes","Jumlah":1,"Tanggal_Keluar":"19 Agu 2025","Next_Date":"19-Agu-27","Ukuran":null},{"NIK":null,"Nama":"Hermes Piter P.","Jabatan":"Manager","Departemen":"QHSE","Jenis_APD":"Safety Helmet","Jumlah":1,"Tanggal_Keluar":"21 Jan 2025","Next_Date":"21-Jan-29","Ukuran":null},{"NIK":null,"Nama":"Ulfah Adam","Jabatan":"Staff","Departemen":"QHSE","Jenis_APD":"Safety Shoes","Jumlah":1,"Tanggal_Keluar":"26 Mei 2025","Next_Date":"26-Mei-27","Ukuran":null},{"NIK":null,"Nama":"Hendro Tornado P Nababan","Jabatan":"KABAG","Departemen":"QHSE","Jenis_APD":"Safety Shoes","Jumlah":1,"Tanggal_Keluar":"10 Okt 2023","Next_Date":"09-Okt-25","Ukuran":null},{"NIK":null,"Nama":"Hendro Tornado P Nababan","Jabatan":"KABAG","Departemen":"QHSE","Jenis_APD":"Safety Glases Clear","Jumlah":1,"Tanggal_Keluar":"17-Sep-24","Next_Date":null,"Ukuran":null},{"NIK":null,"Nama":"Hendro Tornado P Nababan","Jabatan":"KABAG","Departemen":"QHSE","Jenis_APD":"Body Harness","Jumlah":2,"Tanggal_Keluar":"6-Nov-24","Next_Date":null,"Ukuran":null},{"NIK":null,"Nama":"Teguh Purnomo","Jabatan":"KABAG","Departemen":"QHSE","Jenis_APD":"Safety Shoes","Jumlah":1,"Tanggal_Keluar":"25 Okt 2023","Next_Date":"24-Okt-25","Ukuran":null},{"NIK":null,"Nama":"Teguh Kurniawan","Jabatan":"Staff","Departemen":"QHSE","Jenis_APD":"Safety Helmet","Jumlah":1,"Tanggal_Keluar":"4 Des 2024","Next_Date":"04-Des-28","Ukuran":"7"},{"NIK":null,"Nama":"Teguh Kurniawan","Jabatan":"Staff","Departemen":"QHSE","Jenis_APD":"Safety Shoes","Jumlah":1,"Tanggal_Keluar":"11 Jul 2025","Next_Date":"11-Jul-27","Ukuran":null},{"NIK":null,"Nama":"Teguh Kurniawan","Jabatan":"Staff","Departemen":"QHSE","Jenis_APD":"Safety Glases Clear","Jumlah":2,"Tanggal_Keluar":"26-Jun-23","Next_Date":null,"Ukuran":null},{"NIK":null,"Nama":"Rahmat Hidayat","Jabatan":"Operator","Departemen":"QHSE","Jenis_APD":"Safety Shoes","Jumlah":1,"Tanggal_Keluar":"19 Jan 2024","Next_Date":"18-Jan-26","Ukuran":null},{"NIK":null,"Nama":"M Haris Pratama","Jabatan":"Staff","Departemen":"QHSE","Jenis_APD":"Safety Shoes","Jumlah":1,"Tanggal_Keluar":"14 Jun 2024","Next_Date":"14-Jun-26","Ukuran":null},{"NIK":null,"Nama":"Niko","Jabatan":"Magang","Departemen":"QHSE","Jenis_APD":"Safety Shoes","Jumlah":1,"Tanggal_Keluar":"28 Apr 2025","Next_Date":"28-Apr-27","Ukuran":null},{"NIK":null,"Nama":"Wahyu Nugroho","Jabatan":"SPV","Departemen":"QHSE","Jenis_APD":"Safety Shoes","Jumlah":1,"Tanggal_Keluar":"10 Apr 2025","Next_Date":"10-Apr-27","Ukuran":null},{"NIK":null,"Nama":"Wahyu Aryadi","Jabatan":"Staff","Departemen":"QHSE","Jenis_APD":"Safety Shoes","Jumlah":1,"Tanggal_Keluar":"11 Agu 2025","Next_Date":"11-Agu-27","Ukuran":null},{"NIK":null,"Nama":"Dede Suwito","Jabatan":"Manager","Departemen":"ENGINEERING DEPT","Jenis_APD":"Safety Shoes","Jumlah":1,"Tanggal_Keluar":"20 Mar 2024","Next_Date":"20-Mar-26","Ukuran":null},{"NIK":null,"Nama":"Dede Suwito","Jabatan":"Manager","Departemen":"ENGINEERING DEPT","Jenis_APD":"Safety Glases Clear","Jumlah":2,"Tanggal_Keluar":"26 Jun 2024","Next_Date":null,"Ukuran":null},{"NIK":null,"Nama":"Phangky Setiawan","Jabatan":"Staff","Departemen":"ENGINEERING DEPT","Jenis_APD":"Safety Shoes","Jumlah":1,"Tanggal_Keluar":"16 Okt 2023","Next_Date":"15-Okt-25","Ukuran":null},{"NIK":null,"Nama":"Yoga Candra Setyawan","Jabatan":"Senior Staff","Departemen":"ENGINEERING DEPT","Jenis_APD":"Safety Glases Clear","Jumlah":1,"Tanggal_Keluar":"30 Mei 2024","Next_Date":null,"Ukuran":null},{"NIK":null,"Nama":"Sukarso","Jabatan":"Staff","Departemen":"ENGINEERING DEPT","Jenis_APD":"Safety Shoes","Jumlah":1,"Tanggal_Keluar":"13 Agu 2024","Next_Date":"13-Agu-26","Ukuran":null},{"NIK":null,"Nama":"Sakha Ramadhan Putra","Jabatan":"Stamm Electric","Departemen":"ENGINEERING DEPT","Jenis_APD":"Safety Helmet","Jumlah":1,"Tanggal_Keluar":"24 Jan 2025","Next_Date":"24-Jan-29","Ukuran":"9"},{"NIK":null,"Nama":"Sakha Ramadhan Putra","Jabatan":"Stamm Electric","Departemen":"ENGINEERING DEPT","Jenis_APD":"Safety Shoes","Jumlah":1,"Tanggal_Keluar":"24 Jan 2025","Next_Date":"24-Jan-27","Ukuran":null},{"NIK":null,"Nama":"Chabib Mustofa","Jabatan":"Staff Mekanik","Departemen":"ENGINEERING DEPT","Jenis_APD":"Safety Shoes","Jumlah":1,"Tanggal_Keluar":"3 Mei 2024","Next_Date":"03-Mei-26","Ukuran":null},{"NIK":null,"Nama":"Efis Muafin","Jabatan":"Staff Mekanik","Departemen":"ENGINEERING DEPT","Jenis_APD":"Safety Shoes","Jumlah":1,"Tanggal_Keluar":"5 Sep 2024","Next_Date":"05-Sep-26","Ukuran":null},{"NIK":"SK00002","Nama":"Lidya Permatasari","Jabatan":"Staff","Departemen":"PRODUKSI DEPT","Jenis_APD":"Safety Helmet","Jumlah":1,"Tanggal_Keluar":"19-Agu-25","Next_Date":"19-Agu-29","Ukuran":"41"},{"NIK":"SK00002","Nama":"Lidya Permatasari","Jabatan":"Staff","Departemen":"PRODUKSI DEPT","Jenis_APD":"Safety Shoes","Jumlah":1,"Tanggal_Keluar":"19 Agu 2025","Next_Date":"19-Agu-27","Ukuran":null},{"NIK":"TP00003","Nama":"Surono","Jabatan":"Supervisor","Departemen":"PRODUKSI DEPT","Jenis_APD":"Safety Helmet","Jumlah":1,"Tanggal_Keluar":"6 Jul 2023","Next_Date":"06-Jul-27","Ukuran":"5"},{"NIK":"TP00003","Nama":"Surono","Jabatan":"Supervisor","Departemen":"PRODUKSI DEPT","Jenis_APD":"Safety Shoes","Jumlah":2,"Tanggal_Keluar":"1 Apr 2024","Next_Date":"01-Apr-26","Ukuran":null},{"NIK":"TP00005","Nama":"Ahmad Sanusi","Jabatan":"Supervisor","Departemen":"PRODUKSI DEPT","Jenis_APD":"Safety Shoes","Jumlah":1,"Tanggal_Keluar":"19 Okt 2023","Next_Date":"18-Okt-25","Ukuran":null},{"NIK":"TP00006","Nama":"Teguh Priadi","Jabatan":"Supervisor","Departemen":"PRODUKSI DEPT","Jenis_APD":"Safety Shoes","Jumlah":1,"Tanggal_Keluar":"20 Mar 2025","Next_Date":"20-Mar-27","Ukuran":null},{"NIK":"TP00006","Nama":"Teguh Priadi","Jabatan":"Supervisor","Departemen":"PRODUKSI DEPT","Jenis_APD":"Fastrack","Jumlah":1,"Tanggal_Keluar":"20-Mar-25","Next_Date":null,"Ukuran":null},{"NIK":"TP00006","Nama":"Teguh Priadi","Jabatan":"Supervisor","Departemen":"PRODUKSI DEPT","Jenis_APD":"Face Shield","Jumlah":1,"Tanggal_Keluar":"20 Mar 2025","Next_Date":null,"Ukuran":null},{"NIK":"TP00007","Nama":"Sundowi","Jabatan":"Operator Leader","Departemen":"PRODUKSI DEPT","Jenis_APD":"Safety Shoes","Jumlah":1,"Tanggal_Keluar":"3 Okt 2023","Next_Date":"02-Okt-25","Ukuran":null},{"NIK":"TP00008","Nama":"Nurhadi Anwar","Jabatan":"Operator Leader","Departemen":"PRODUKSI DEPT","Jenis_APD":"Safety Shoes","Jumlah":1,"Tanggal_Keluar":"14 Apr 2025","Next_Date":"14-Apr-27","Ukuran":null},{"NIK":"TP00008","Nama":"Nurhadi Anwar","Jabatan":"Operator Leader","Departemen":"PRODUKSI DEPT","Jenis_APD":"Sarung Tangan Anti Cut","Jumlah":1,"Tanggal_Keluar":"7 Jan 2025","Next_Date":null,"Ukuran":null},{"NIK":"TP00009","Nama":"Sadarudin","Jabatan":"Operator Leader","Departemen":"PRODUKSI DEPT","Jenis_APD":"Safety Shoes","Jumlah":1,"Tanggal_Keluar":"14 Apr 2025","Next_Date":"14-Apr-27","Ukuran":null},{"NIK":"TP00009","Nama":"Sadarudin","Jabatan":"Operator Leader","Departemen":"PRODUKSI DEPT","Jenis_APD":"Sarung Tangan Anti Cut","Jumlah":1,"Tanggal_Keluar":"7 Jan 2025","Next_Date":null,"Ukuran":null},{"NIK":"TP00012","Nama":"Muhammad Maulana","Jabatan":"Operator","Departemen":"PRODUKSI DEPT","Jenis_APD":"Safety Shoes","Jumlah":1,"Tanggal_Keluar":"25 Agu 2025","Next_Date":"25-Agu-27","Ukuran":null},{"NIK":"TP00013","Nama":"Ahmad Sehabudin","Jabatan":"Operator","Departemen":"PRODUKSI DEPT","Jenis_APD":"Safety Shoes","Jumlah":1,"Tanggal_Keluar":"4 Okt 2023","Next_Date":"03-Okt-25","Ukuran":null},{"NIK":"TP00013","Nama":"Ahmad Sehabudin","Jabatan":"Operator","Departemen":"PRODUKSI DEPT","Jenis_APD":"Fastrack","Jumlah":1,"Tanggal_Keluar":"23-Sep-24","Next_Date":null,"Ukuran":null},{"NIK":"TP00014","Nama":"Raflis","Jabatan":"Operator Leader","Departemen":"PRODUKSI DEPT","Jenis_APD":"Safety Shoes","Jumlah":1,"Tanggal_Keluar":"3 Feb 2025","Next_Date":"03-Feb-27","Ukuran":null},{"NIK":"TP00014","Nama":"Raflis","Jabatan":"Operator Leader","Departemen":"PRODUKSI DEPT","Jenis_APD":"Fastrack","Jumlah":1,"Tanggal_Keluar":"23-Sep-24","Next_Date":null,"Ukuran":null},{"NIK":"TP00017","Nama":"Nawawi","Jabatan":"Operator Leader","Departemen":"PRODUKSI DEPT","Jenis_APD":"Safety Shoes","Jumlah":1,"Tanggal_Keluar":"23 Jan 2025","Next_Date":"23-Jan-27","Ukuran":null},{"NIK":"TP00018","Nama":"Fatkur Roziq","Jabatan":"Operator","Departemen":"PRODUKSI DEPT","Jenis_APD":"Safety Shoes","Jumlah":1,"Tanggal_Keluar":"23 Jan 2025","Next_Date":"23-Jan-27","Ukuran":null},{"NIK":"TP00019","Nama":"Muhammad Heri Hastomo","Jabatan":"Operator Leader","Departemen":"PRODUKSI DEPT","Jenis_APD":"Safety Shoes","Jumlah":1,"Tanggal_Keluar":"22 Agu 2024","Next_Date":"22-Agu-26","Ukuran":null},{"NIK":"TP00019","Nama":"Muhammad Heri Hastomo","Jabatan":"Operator Leader","Departemen":"PRODUKSI DEPT","Jenis_APD":"Safety Glases Clear","Jumlah":1,"Tanggal_Keluar":"19 Nov 2024","Next_Date":null,"Ukuran":null},{"NIK":"TP00019","Nama":"Muhammad Heri Hastomo","Jabatan":"Operator Leader","Departemen":"PRODUKSI DEPT","Jenis_APD":"Safety Glases Black","Jumlah":2,"Tanggal_Keluar":"19 Nov 2024","Next_Date":null,"Ukuran":null},{"NIK":"TP00019","Nama":"Muhammad Heri Hastomo","Jabatan":"Operator Leader","Departemen":"PRODUKSI DEPT","Jenis_APD":"Masker N95 3M","Jumlah":10,"Tanggal_Keluar":"19 Nov 2024","Next_Date":null,"Ukuran":null},{"NIK":"TP00020","Nama":"Priadi","Jabatan":"Operator","Departemen":"PRODUKSI DEPT","Jenis_APD":"Safety Shoes","Jumlah":1,"Tanggal_Keluar":"3 Okt 2023","Next_Date":"02-Okt-25","Ukuran":null},{"NIK":"TP00021","Nama":"Hery Arifin","Jabatan":"Operator Leader","Departemen":"PRODUKSI DEPT","Jenis_APD":"Safety Shoes","Jumlah":1,"Tanggal_Keluar":"2 Okt 2023","Next_Date":"01-Okt-25","Ukuran":null},{"NIK":"TP00021","Nama":"Hery Arifin","Jabatan":"Operator Leader","Departemen":"PRODUKSI DEPT","Jenis_APD":"Safety Glases Clear","Jumlah":1,"Tanggal_Keluar":"23 Jan 2025","Next_Date":null,"Ukuran":null},{"NIK":"TP00021","Nama":"Hery Arifin","Jabatan":"Operator Leader","Departemen":"PRODUKSI DEPT","Jenis_APD":"Safety Glases Black","Jumlah":1,"Tanggal_Keluar":"23 Jan 2025","Next_Date":null,"Ukuran":null},{"NIK":"TP00022","Nama":"Riki Dwi Susanto","Jabatan":"Operator Leader","Departemen":"PRODUKSI DEPT","Jenis_APD":"Safety Shoes","Jumlah":1,"Tanggal_Keluar":"23 Jan 2025","Next_Date":"23-Jan-27","Ukuran":null},{"NIK":"TP00038","Nama":"Endar Suhendar","Jabatan":"Operator","Departemen":"PRODUKSI DEPT","Jenis_APD":"Safety Shoes","Jumlah":1,"Tanggal_Keluar":"18 Nov 2024","Next_Date":"18-Nov-26","Ukuran":null},{"NIK":"TP00041","Nama":"Sahrul","Jabatan":"Operator","Departemen":"PRODUKSI DEPT","Jenis_APD":"Safety Shoes","Jumlah":1,"Tanggal_Keluar":"23 Jan 2025","Next_Date":"23-Jan-27","Ukuran":null},{"NIK":"TP00045","Nama":"Suprayogi","Jabatan":"Operator","Departemen":"PRODUKSI DEPT","Jenis_APD":"Safety Shoes","Jumlah":1,"Tanggal_Keluar":"12 Des 2023","Next_Date":"11-Des-25","Ukuran":null},{"NIK":"TP00048","Nama":"Sanan","Jabatan":"Operator Leader","Departemen":"PRODUKSI DEPT","Jenis_APD":"Safety Shoes","Jumlah":1,"Tanggal_Keluar":"3 Feb 2025","Next_Date":"03-Feb-27","Ukuran":null},{"NIK":"TP00048","Nama":"Sanan","Jabatan":"Operator Leader","Departemen":"PRODUKSI DEPT","Jenis_APD":"Safety Glases Clear","Jumlah":2,"Tanggal_Keluar":"15 Okt 2024","Next_Date":null,"Ukuran":null},{"NIK":"TP00048","Nama":"Sanan","Jabatan":"Operator Leader","Departemen":"PRODUKSI DEPT","Jenis_APD":"Safety Glases Black","Jumlah":1,"Tanggal_Keluar":"12 Nov 2024","Next_Date":null,"Ukuran":null},{"NIK":"TP00048","Nama":"Sanan","Jabatan":"Operator Leader","Departemen":"PRODUKSI DEPT","Jenis_APD":"Masker N95 3M","Jumlah":10,"Tanggal_Keluar":"12 Nov 2024","Next_Date":null,"Ukuran":null},{"NIK":"TP00049","Nama":"Erwin Maulana","Jabatan":"Operator","Departemen":"PRODUKSI DEPT","Jenis_APD":"Safety Shoes","Jumlah":1,"Tanggal_Keluar":"24 Mar 2025","Next_Date":"24-Mar-27","Ukuran":null},{"NIK":"TP00049","Nama":"Erwin Maulana","Jabatan":"Operator","Departemen":"PRODUKSI DEPT","Jenis_APD":"Sarung Tangan Anti Cut","Jumlah":1,"Tanggal_Keluar":"7 Jan 2025","Next_Date":null,"Ukuran":null},{"NIK":"TP00050","Nama":"Shofian Nudin","Jabatan":"Operator","Departemen":"PRODUKSI DEPT","Jenis_APD":"Safety Shoes","Jumlah":1,"Tanggal_Keluar":"6 Feb 2025","Next_Date":"06-Feb-27","Ukuran":null},{"NIK":"TP00050","Nama":"Shofian Nudin","Jabatan":"Operator","Departemen":"PRODUKSI DEPT","Jenis_APD":"Sarung Tangan Anti Cut","Jumlah":1,"Tanggal_Keluar":"7 Jan 2025","Next_Date":null,"Ukuran":null},{"NIK":"TP00052","Nama":"Suroso","Jabatan":"Operator","Departemen":"PRODUKSI DEPT","Jenis_APD":"Safety Helmet","Jumlah":1,"Tanggal_Keluar":"6 Jul 2023","Next_Date":"06-Jul-27","Ukuran":"5"},{"NIK":"TP00052","Nama":"Suroso","Jabatan":"Operator","Departemen":"PRODUKSI DEPT","Jenis_APD":"Safety Shoes","Jumlah":2,"Tanggal_Keluar":"1 Apr 2024","Next_Date":"01-Apr-26","Ukuran":null},{"NIK":"TP00053","Nama":"Abdul Muhit","Jabatan":"Operator","Departemen":"PRODUKSI DEPT","Jenis_APD":"Safety Shoes","Jumlah":1,"Tanggal_Keluar":"20 Feb 2024","Next_Date":"19-Feb-26","Ukuran":null},{"NIK":"TP00053","Nama":"Abdul Muhit","Jabatan":"Operator","Departemen":"PRODUKSI DEPT","Jenis_APD":"Ear Plug","Jumlah":2,"Tanggal_Keluar":"16 Apr 2025","Next_Date":null,"Ukuran":null},{"NIK":"TP00054","Nama":"Anton Triatno","Jabatan":"Operator","Departemen":"PRODUKSI DEPT","Jenis_APD":"Safety Shoes","Jumlah":1,"Tanggal_Keluar":"31 Jan 2025","Next_Date":"31-Jan-27","Ukuran":null},{"NIK":"TP00067","Nama":"Azwar Harris Pamusty","Jabatan":"Operator","Departemen":"PRODUKSI DEPT","Jenis_APD":"Safety Shoes","Jumlah":1,"Tanggal_Keluar":"31 Okt 2024","Next_Date":"31-Okt-26","Ukuran":null},{"NIK":"TP00067","Nama":"Azwar Harris Pamusty","Jabatan":"Operator","Departemen":"PRODUKSI DEPT","Jenis_APD":"Fastrack","Jumlah":1,"Tanggal_Keluar":"16 Des 2024","Next_Date":null,"Ukuran":null},{"NIK":"TP00067","Nama":"Azwar Harris Pamusty","Jabatan":"Operator","Departemen":"PRODUKSI DEPT","Jenis_APD":"Ear Muff","Jumlah":1,"Tanggal_Keluar":"3 Jan 2024","Next_Date":null,"Ukuran":null},{"NIK":"TP00068","Nama":"Agung","Jabatan":"Operator","Departemen":"PRODUKSI DEPT","Jenis_APD":"Safety Shoes","Jumlah":2,"Tanggal_Keluar":"27 Jul 2023","Next_Date":"26-Jul-25","Ukuran":null},{"NIK":"TP00069","Nama":"Iqbal Rusdianto","Jabatan":"Operator","Departemen":"PRODUKSI DEPT","Jenis_APD":"Safety Shoes","Jumlah":1,"Tanggal_Keluar":"13 Des 2023","Next_Date":"12-Des-25","Ukuran":null},{"NIK":"TP00069","Nama":"Iqbal Rusdianto","Jabatan":"Operator","Departemen":"PRODUKSI DEPT","Jenis_APD":"Sarung Tangan Anti Cut","Jumlah":1,"Tanggal_Keluar":"7 Jan 2025","Next_Date":null,"Ukuran":null},{"NIK":"TP00085","Nama":"Surya Alamsyah Siregar","Jabatan":"Operator","Departemen":"PRODUKSI DEPT","Jenis_APD":"Safety Shoes","Jumlah":2,"Tanggal_Keluar":"11 Sep 2023","Next_Date":"10-Sep-25","Ukuran":null},{"NIK":"TP00087","Nama":"Andi Nurwakhid","Jabatan":"Operator","Departemen":"PRODUKSI DEPT","Jenis_APD":"Safety Shoes","Jumlah":1,"Tanggal_Keluar":"3 Feb 2025","Next_Date":"03-Feb-27","Ukuran":null},{"NIK":"TP00095","Nama":"Sapto","Jabatan":"Operator","Departemen":"PRODUKSI DEPT","Jenis_APD":"Safety Shoes","Jumlah":1,"Tanggal_Keluar":"2 Okt 2023","Next_Date":"01-Okt-25","Ukuran":null},{"NIK":"TP00095","Nama":"Sapto","Jabatan":"Operator","Departemen":"PRODUKSI DEPT","Jenis_APD":"Sarung Tangan Anti Cut","Jumlah":1,"Tanggal_Keluar":"7 Jan 2025","Next_Date":null,"Ukuran":null},{"NIK":"TP00100","Nama":"Hendri Ali","Jabatan":"Operator","Departemen":"PRODUKSI DEPT","Jenis_APD":"Safety Shoes","Jumlah":1,"Tanggal_Keluar":"3 Okt 2023","Next_Date":"02-Okt-25","Ukuran":null},{"NIK":"TP00103","Nama":"Tri Pamungkas","Jabatan":"Operator","Departemen":"PRODUKSI DEPT","Jenis_APD":"Safety Shoes","Jumlah":1,"Tanggal_Keluar":"3 Jan 2025","Next_Date":"03-Jan-27","Ukuran":null},{"NIK":"TP00104","Nama":"Agus Setiono","Jabatan":"Operator","Departemen":"PRODUKSI DEPT","Jenis_APD":"Safety Shoes","Jumlah":1,"Tanggal_Keluar":"3 Des 2024","Next_Date":"03-Des-26","Ukuran":null},{"NIK":"TP00105","Nama":"Adlan Fahmi","Jabatan":"Operator","Departemen":"PRODUKSI DEPT","Jenis_APD":"Safety Shoes","Jumlah":1,"Tanggal_Keluar":"2 Okt 2024","Next_Date":"02-Okt-26","Ukuran":null},{"NIK":"TP00105","Nama":"Adlan Fahmi","Jabatan":"Operator","Departemen":"PRODUKSI DEPT","Jenis_APD":"Fastrack","Jumlah":1,"Tanggal_Keluar":"23-Sep-24","Next_Date":null,"Ukuran":null},{"NIK":"TP00110","Nama":"Wasito","Jabatan":"Operator","Departemen":"PRODUKSI DEPT","Jenis_APD":"Safety Shoes","Jumlah":1,"Tanggal_Keluar":"30 Mei 2024","Next_Date":"30-Mei-26","Ukuran":null},{"NIK":"TP00111","Nama":"Akhmad Aji Fakhrudin","Jabatan":"Operator","Departemen":"PRODUKSI DEPT","Jenis_APD":"Safety Shoes","Jumlah":1,"Tanggal_Keluar":"22 Agu 2024","Next_Date":"22-Agu-26","Ukuran":null},{"NIK":"TP00115","Nama":"Wahyudin Muin","Jabatan":"Operator","Departemen":"PRODUKSI DEPT","Jenis_APD":"Safety Shoes","Jumlah":1,"Tanggal_Keluar":"5 Mei 2025","Next_Date":"05-Mei-27","Ukuran":null},{"NIK":"TP00146","Nama":"Badil Noor Fikri","Jabatan":"Operator","Departemen":"PRODUKSI DEPT","Jenis_APD":"Safety Shoes","Jumlah":1,"Tanggal_Keluar":"19 Okt 2023","Next_Date":"18-Okt-25","Ukuran":null},{"NIK":"TP00165","Nama":"Denis Sapta Muharam","Jabatan":"Operator","Departemen":"PRODUKSI DEPT","Jenis_APD":"Safety Shoes","Jumlah":1,"Tanggal_Keluar":"26 Mar 2025","Next_Date":"26-Mar-27","Ukuran":null},{"NIK":"TP00165","Nama":"Denis Sapta Muharam","Jabatan":"Operator","Departemen":"PRODUKSI DEPT","Jenis_APD":"Sarung Tangan Anti Cut","Jumlah":1,"Tanggal_Keluar":"7 Jan 2025","Next_Date":null,"Ukuran":null},{"NIK":"TP00173","Nama":"Shoni Ramdhani","Jabatan":"Operator","Departemen":"PRODUKSI DEPT","Jenis_APD":"Safety Shoes","Jumlah":1,"Tanggal_Keluar":"26 Mar 2025","Next_Date":"26-Mar-27","Ukuran":null},{"NIK":"TP00173","Nama":"Shoni Ramdhani","Jabatan":"Operator","Departemen":"PRODUKSI DEPT","Jenis_APD":"Sarung Tangan Anti Cut","Jumlah":1,"Tanggal_Keluar":"7 Jan 2025","Next_Date":null,"Ukuran":null},{"NIK":"TP00180","Nama":"M. Afrian","Jabatan":"Operator","Departemen":"PRODUKSI DEPT","Jenis_APD":"Safety Shoes","Jumlah":1,"Tanggal_Keluar":"26 Mar 2025","Next_Date":"26-Mar-27","Ukuran":null},{"NIK":"TP00180","Nama":"M. Afrian","Jabatan":"Operator","Departemen":"PRODUKSI DEPT","Jenis_APD":"Sarung Tangan Anti Cut","Jumlah":1,"Tanggal_Keluar":"7 Jan 2025","Next_Date":null,"Ukuran":null},{"NIK":"TP00181","Nama":"Muhammad Kamil Mughni","Jabatan":"Operator","Departemen":"PRODUKSI DEPT","Jenis_APD":"Sarung Tangan Anti Cut","Jumlah":1,"Tanggal_Keluar":"7 Jan 2025","Next_Date":null,"Ukuran":null},{"NIK":"TP00182","Nama":"Angga Sutrisno","Jabatan":"Operator","Departemen":"PRODUKSI DEPT","Jenis_APD":"Safety Shoes","Jumlah":1,"Tanggal_Keluar":"11 Nov 2024","Next_Date":"11-Nov-26","Ukuran":null},{"NIK":"TP00185","Nama":"Achmad Idrus","Jabatan":"Operator","Departemen":"PRODUKSI DEPT","Jenis_APD":"Safety Helmet","Jumlah":1,"Tanggal_Keluar":"20 Nov 2024","Next_Date":"20-Nov-28","Ukuran":"8"},{"NIK":"TP00185","Nama":"Achmad Idrus","Jabatan":"Operator","Departemen":"PRODUKSI DEPT","Jenis_APD":"Safety Shoes","Jumlah":1,"Tanggal_Keluar":"18 Nov 2024","Next_Date":"18-Nov-26","Ukuran":null},{"NIK":"TP00187","Nama":"Bambang Tentrem Suprihatin","Jabatan":"Operator","Departemen":"PRODUKSI DEPT","Jenis_APD":"Safety Helmet","Jumlah":1,"Tanggal_Keluar":"20 Nov 2024","Next_Date":"20-Nov-28","Ukuran":"7"},{"NIK":"TP00187","Nama":"Bambang Tentrem Suprihatin","Jabatan":"Operator","Departemen":"PRODUKSI DEPT","Jenis_APD":"Safety Shoes","Jumlah":1,"Tanggal_Keluar":"6 Nov 2024","Next_Date":"06-Nov-26","Ukuran":null},{"NIK":"TP00189","Nama":"Chairul Anwar","Jabatan":"Operator","Departemen":"PRODUKSI DEPT","Jenis_APD":"Safety Helmet","Jumlah":1,"Tanggal_Keluar":"20 Nov 2024","Next_Date":"20-Nov-28","Ukuran":"6"},{"NIK":"TP00189","Nama":"Chairul Anwar","Jabatan":"Operator","Departemen":"PRODUKSI DEPT","Jenis_APD":"Safety Shoes","Jumlah":1,"Tanggal_Keluar":"19 Nov 2024","Next_Date":"19-Nov-26","Ukuran":null},{"NIK":"TP00190","Nama":"Muhamad Lukman","Jabatan":"Operator","Departemen":"PRODUKSI DEPT","Jenis_APD":"Safety Helmet","Jumlah":1,"Tanggal_Keluar":"20 Nov 2024","Next_Date":"20-Nov-28","Ukuran":"8"},{"NIK":"TP00190","Nama":"Muhamad Lukman","Jabatan":"Operator","Departemen":"PRODUKSI DEPT","Jenis_APD":"Safety Shoes","Jumlah":1,"Tanggal_Keluar":"19 Nov 2024","Next_Date":"19-Nov-26","Ukuran":null},{"NIK":"TP00191","Nama":"Jaenal Arifin","Jabatan":"Operator","Departemen":"PRODUKSI DEPT","Jenis_APD":"Safety Helmet","Jumlah":1,"Tanggal_Keluar":"20 Nov 2024","Next_Date":"20-Nov-28","Ukuran":"6"},{"NIK":"TP00191","Nama":"Jaenal Arifin","Jabatan":"Operator","Departemen":"PRODUKSI DEPT","Jenis_APD":"Safety Shoes","Jumlah":1,"Tanggal_Keluar":"19 Nov 2024","Next_Date":"19-Nov-26","Ukuran":null},{"NIK":"TP00200","Nama":"Wakhidin","Jabatan":"Operator","Departemen":"PRODUKSI DEPT","Jenis_APD":"Safety Shoes","Jumlah":1,"Tanggal_Keluar":"9 Des 2024","Next_Date":"09-Des-26","Ukuran":null},{"NIK":"TP00207","Nama":"Rio Hambali","Jabatan":"Senior Manager","Departemen":"PRODUKSI DEPT","Jenis_APD":"Safety Helmet","Jumlah":1,"Tanggal_Keluar":"10 Apr 2025","Next_Date":"10-Apr-29","Ukuran":"9"},{"NIK":"TP00207","Nama":"Rio Hambali","Jabatan":"Senior Manager","Departemen":"PRODUKSI DEPT","Jenis_APD":"Safety Shoes","Jumlah":1,"Tanggal_Keluar":"11 Apr 2025","Next_Date":"11-Apr-27","Ukuran":null},{"NIK":"TP00212","Nama":"Wildhan Mahendra Putra","Jabatan":"Operator","Departemen":"PRODUKSI DEPT","Jenis_APD":"Safety Shoes","Jumlah":1,"Tanggal_Keluar":"23 Apr 2025","Next_Date":"23-Apr-27","Ukuran":null},{"NIK":"TP00214","Nama":"Heri Suryana","Jabatan":"Operator","Departemen":"PRODUKSI DEPT","Jenis_APD":"Safety Shoes","Jumlah":1,"Tanggal_Keluar":"14 Apr 2025","Next_Date":"14-Apr-27","Ukuran":null},{"NIK":"TP00215","Nama":"Supriyanto","Jabatan":"Operator","Departemen":"PRODUKSI DEPT","Jenis_APD":"Safety Helmet","Jumlah":1,"Tanggal_Keluar":"26 Mei 2025","Next_Date":"26-Mei-29","Ukuran":"8"},{"NIK":"TP00215","Nama":"Supriyanto","Jabatan":"Operator","Departemen":"PRODUKSI DEPT","Jenis_APD":"Safety Shoes","Jumlah":1,"Tanggal_Keluar":"26 Mei 2025","Next_Date":"26-Mei-27","Ukuran":null},{"NIK":"TP00216","Nama":"Lasino","Jabatan":"Supervisor","Departemen":"PRODUKSI DEPT","Jenis_APD":"Safety Helmet","Jumlah":1,"Tanggal_Keluar":"26 Mei 2025","Next_Date":"26-Mei-29","Ukuran":"8"},{"NIK":"TP00216","Nama":"Lasino","Jabatan":"Supervisor","Departemen":"PRODUKSI DEPT","Jenis_APD":"Safety Shoes","Jumlah":1,"Tanggal_Keluar":"26 Mei 2025","Next_Date":"26-Mei-27","Ukuran":null},{"NIK":"TP00218","Nama":"Danang Koesmiranto Rachman","Jabatan":"Staff","Departemen":"PRODUKSI DEPT","Jenis_APD":"Safety Helmet","Jumlah":1,"Tanggal_Keluar":"26 Mei 2025","Next_Date":"26-Mei-29","Ukuran":"41"},{"NIK":"TP00218","Nama":"Danang Koesmiranto Rachman","Jabatan":"Staff","Departemen":"PRODUKSI DEPT","Jenis_APD":"Safety Shoes","Jumlah":1,"Tanggal_Keluar":"28 Mei 2025","Next_Date":"28-Mei-27","Ukuran":null},{"NIK":"TP00219","Nama":"Muhamad Yusuf","Jabatan":"Operator","Departemen":"PRODUKSI DEPT","Jenis_APD":"Safety Helmet","Jumlah":1,"Tanggal_Keluar":"27 Mei 2025","Next_Date":"27-Mei-29","Ukuran":"42"},{"NIK":"TP00219","Nama":"Muhamad Yusuf","Jabatan":"Operator","Departemen":"PRODUKSI DEPT","Jenis_APD":"Safety Shoes","Jumlah":1,"Tanggal_Keluar":"27 Mei 2025","Next_Date":"27-Mei-27","Ukuran":null},{"NIK":"TP00220","Nama":"Dedy Fahrizal","Jabatan":"Operator","Departemen":"PRODUKSI DEPT","Jenis_APD":"Safety Helmet","Jumlah":1,"Tanggal_Keluar":"27 Mei 2025","Next_Date":"27-Mei-29","Ukuran":"42"},{"NIK":"TP00220","Nama":"Dedy Fahrizal","Jabatan":"Operator","Departemen":"PRODUKSI DEPT","Jenis_APD":"Safety Shoes","Jumlah":1,"Tanggal_Keluar":"27 Mei 2025","Next_Date":"27-Mei-27","Ukuran":null},{"NIK":"TP00221","Nama":"Adi Bambang Aryanto","Jabatan":"Operator","Departemen":"PRODUKSI DEPT","Jenis_APD":"Safety Helmet","Jumlah":1,"Tanggal_Keluar":"3 Jun 2025","Next_Date":"03-Jun-29","Ukuran":"41"},{"NIK":"TP00221","Nama":"Adi Bambang Aryanto","Jabatan":"Operator","Departemen":"PRODUKSI DEPT","Jenis_APD":"Safety Shoes","Jumlah":1,"Tanggal_Keluar":"3 Jun 2025","Next_Date":"03-Jun-27","Ukuran":null},{"NIK":"TP00224","Nama":"Sarjito","Jabatan":"Operator","Departemen":"PRODUKSI DEPT","Jenis_APD":"Safety Helmet","Jumlah":1,"Tanggal_Keluar":"16 Jul 2025","Next_Date":"16-Jul-29","Ukuran":"7"},{"NIK":"TP00224","Nama":"Sarjito","Jabatan":"Operator","Departemen":"PRODUKSI DEPT","Jenis_APD":"Safety Shoes","Jumlah":1,"Tanggal_Keluar":"16-Jul-25","Next_Date":"16-Jul-27","Ukuran":null},{"NIK":"TP00225","Nama":"Aji Nugroho Ichsan","Jabatan":"Operator","Departemen":"PRODUKSI DEPT","Jenis_APD":"Safety Helmet","Jumlah":1,"Tanggal_Keluar":"16 Jul 2025","Next_Date":"16-Jul-29","Ukuran":"7"},{"NIK":"TP00225","Nama":"Aji Nugroho Ichsan","Jabatan":"Operator","Departemen":"PRODUKSI DEPT","Jenis_APD":"Safety Shoes","Jumlah":1,"Tanggal_Keluar":"16-Jul-25","Next_Date":"16-Jul-27","Ukuran":null},{"NIK":"TP00226","Nama":"Mustakim","Jabatan":"Operator","Departemen":"PRODUKSI DEPT","Jenis_APD":"Safety Shoes","Jumlah":1,"Tanggal_Keluar":"7 Jul 2025","Next_Date":"07-Jul-27","Ukuran":null},{"NIK":"TP00227","Nama":"Abdul Rojak","Jabatan":"Operator","Departemen":"PRODUKSI DEPT","Jenis_APD":"Safety Shoes","Jumlah":1,"Tanggal_Keluar":"21 Jul 2025","Next_Date":"21-Jul-27","Ukuran":null},{"NIK":"TP00228","Nama":"Royong Saputra","Jabatan":"Operator","Departemen":"PRODUKSI DEPT","Jenis_APD":"Safety Shoes","Jumlah":1,"Tanggal_Keluar":"11 Agu 2025","Next_Date":"11-Agu-27","Ukuran":null},{"NIK":"TP00229","Nama":"Arya Firgiansah","Jabatan":"Magang","Departemen":"PRODUKSI DEPT","Jenis_APD":"Safety Shoes","Jumlah":1,"Tanggal_Keluar":"10 Sep 2025","Next_Date":"10-Sep-27","Ukuran":null},{"NIK":"TP00230","Nama":"Ahmad Muchlas","Jabatan":"Magang","Departemen":"PRODUKSI DEPT","Jenis_APD":"Safety Shoes","Jumlah":1,"Tanggal_Keluar":"10 Sep 2025","Next_Date":"10-Sep-27","Ukuran":null},{"NIK":"TP00232","Nama":"Haris Ibnu Guntoro","Jabatan":"Magang","Departemen":"PRODUKSI DEPT","Jenis_APD":"Safety Shoes","Jumlah":1,"Tanggal_Keluar":"10 Sep 2025","Next_Date":"10-Sep-27","Ukuran":null},{"NIK":"TP00083","Nama":"Aditya Nugroho","Jabatan":"Manager","Departemen":"Accounting & Finance Dept","Jenis_APD":"Safety Helmet","Jumlah":1,"Tanggal_Keluar":"4 Okt 2024","Next_Date":"04-Okt-28","Ukuran":"8"},{"NIK":"TP00083","Nama":"Aditya Nugroho","Jabatan":"Manager","Departemen":"Accounting & Finance Dept","Jenis_APD":"Safety Shoes","Jumlah":1,"Tanggal_Keluar":"29 Okt 2024","Next_Date":"29-Okt-26","Ukuran":null},{"NIK":"TP00075","Nama":"Yuswa Indrawati","Jabatan":"Supervisor","Departemen":"Accounting & Finance Dept","Jenis_APD":"Safety Shoes","Jumlah":1,"Tanggal_Keluar":"17 Okt 2024","Next_Date":"17-Okt-26","Ukuran":null},{"NIK":"SK00001","Nama":"Ririn Anggraeni","Jabatan":"Staff","Departemen":"Accounting & Finance Dept","Jenis_APD":"Safety Shoes","Jumlah":1,"Tanggal_Keluar":"17 Okt 2024","Next_Date":"17-Okt-26","Ukuran":null},{"NIK":"TP00027","Nama":"Koni Trisnawati","Jabatan":"Staff","Departemen":"Accounting & Finance Dept","Jenis_APD":"Safety Shoes","Jumlah":1,"Tanggal_Keluar":"17 Okt 2024","Next_Date":"17-Okt-26","Ukuran":null},{"NIK":"TP00028","Nama":"Rifan Rifai","Jabatan":"Staff","Departemen":"Accounting & Finance Dept","Jenis_APD":"Safety Shoes","Jumlah":1,"Tanggal_Keluar":"12 Des 2024","Next_Date":"12-Des-26","Ukuran":null},{"NIK":null,"Nama":"Miyah Maulidah Setiawan","Jabatan":"Staff","Departemen":"Accounting & Finance Dept","Jenis_APD":"Safety Shoes","Jumlah":1,"Tanggal_Keluar":"17 Okt 2024","Next_Date":"17-Okt-26","Ukuran":null},{"NIK":null,"Nama":"Eka Rizky","Jabatan":"Manager","Departemen":"SCM Dept","Jenis_APD":"Safety Shoes","Jumlah":1,"Tanggal_Keluar":"25 Okt 2023","Next_Date":"24-Okt-25","Ukuran":null},{"NIK":null,"Nama":"Eka Rizky","Jabatan":"Manager","Departemen":"SCM Dept","Jenis_APD":"Fastrack","Jumlah":1,"Tanggal_Keluar":"11 Jul 2024","Next_Date":null,"Ukuran":null},{"NIK":null,"Nama":"Dea Dermaga Putra","Jabatan":"Staff","Departemen":"SCM Dept","Jenis_APD":"Safety Shoes","Jumlah":1,"Tanggal_Keluar":"1 Apr 2024","Next_Date":"01-Apr-26","Ukuran":null},{"NIK":null,"Nama":"Nandika Wisnu Wardana","Jabatan":"Staff","Departemen":"SCM Dept","Jenis_APD":"Fastrack","Jumlah":1,"Tanggal_Keluar":"18 Jan 2024","Next_Date":null,"Ukuran":null},{"NIK":null,"Nama":"Boyke Mulyanto S.","Jabatan":"Operator","Departemen":"SCM Dept","Jenis_APD":"Safety Shoes","Jumlah":1,"Tanggal_Keluar":"23 Apr 2025","Next_Date":"23-Apr-27","Ukuran":null},{"NIK":null,"Nama":"Boyke Mulyanto S.","Jabatan":"Operator","Departemen":"SCM Dept","Jenis_APD":"Fastrack","Jumlah":2,"Tanggal_Keluar":"1 Okt 2024","Next_Date":null,"Ukuran":null},{"NIK":null,"Nama":"Yoga Herdiansyah","Jabatan":"Staff","Departemen":"SCM Dept","Jenis_APD":"Safety Shoes","Jumlah":2,"Tanggal_Keluar":"20 Feb 2024","Next_Date":"19-Feb-26","Ukuran":null},{"NIK":null,"Nama":"Yoga Herdiansyah","Jabatan":"Staff","Departemen":"SCM Dept","Jenis_APD":"Fastrack","Jumlah":1,"Tanggal_Keluar":"2 Jan 2025","Next_Date":null,"Ukuran":null},{"NIK":null,"Nama":"Yoga Herdiansyah","Jabatan":"Staff","Departemen":"SCM Dept","Jenis_APD":"Body Harness","Jumlah":1,"Tanggal_Keluar":"3 Des 2024","Next_Date":null,"Ukuran":null},{"NIK":null,"Nama":"Gayatri Puput Melati","Jabatan":"Staff","Departemen":"SCM Dept","Jenis_APD":"Safety Helmet","Jumlah":1,"Tanggal_Keluar":"7 Jan 2025","Next_Date":"07-Jan-29","Ukuran":"38"},{"NIK":null,"Nama":"Gayatri Puput Melati","Jabatan":"Staff","Departemen":"SCM Dept","Jenis_APD":"Safety Shoes","Jumlah":1,"Tanggal_Keluar":"24 Okt 2024","Next_Date":"24-Okt-26","Ukuran":null},{"NIK":null,"Nama":"Franciscus Purba","Jabatan":"Staff","Departemen":"SCM Dept","Jenis_APD":"Safety Shoes","Jumlah":1,"Tanggal_Keluar":"11 Des 2024","Next_Date":"11-Des-26","Ukuran":null},{"NIK":null,"Nama":"Yanti","Jabatan":"Manager","Departemen":"SCM Dept","Jenis_APD":"Safety Helmet","Jumlah":1,"Tanggal_Keluar":"16 Des 2024","Next_Date":"16-Des-28","Ukuran":null},{"NIK":"TP00024","Nama":"Arfiani Eko Ayu K.","Jabatan":"Kepala Bagian","Departemen":"Procurement","Jenis_APD":"Safety Shoes","Jumlah":1,"Tanggal_Keluar":"16 Okt 2024","Next_Date":"16-Okt-26","Ukuran":null},{"NIK":"TP00123","Nama":"Karsono","Jabatan":"Staff","Departemen":"Procurement","Jenis_APD":"Safety Helmet","Jumlah":1,"Tanggal_Keluar":"7 Agu 2023","Next_Date":"07-Agu-27","Ukuran":"5"},{"NIK":"TP00123","Nama":"Karsono","Jabatan":"Staff","Departemen":"Procurement","Jenis_APD":"Safety Shoes","Jumlah":1,"Tanggal_Keluar":"27 Mei 2025","Next_Date":"27-Mei-27","Ukuran":null},{"NIK":null,"Nama":"Ita Setia Ningsih","Jabatan":"Staff","Departemen":"Procurement","Jenis_APD":"Safety Shoes","Jumlah":1,"Tanggal_Keluar":"19 Sep 2024","Next_Date":"19-Sep-26","Ukuran":null},{"NIK":null,"Nama":"Angga Frianma","Jabatan":"Staff","Departemen":"Procurement","Jenis_APD":"Safety Helmet","Jumlah":1,"Tanggal_Keluar":"4 Des 2024","Next_Date":"04-Des-28","Ukuran":null},{"NIK":null,"Nama":"Hendra","Jabatan":"Manager","Departemen":"Procurement","Jenis_APD":"Safety Helmet","Jumlah":1,"Tanggal_Keluar":"16 Okt 2024","Next_Date":"16-Okt-28","Ukuran":"6"},{"NIK":null,"Nama":"Hendra","Jabatan":"Manager","Departemen":"Procurement","Jenis_APD":"Safety Shoes","Jumlah":1,"Tanggal_Keluar":"7 Mar 2025","Next_Date":"07-Mar-27","Ukuran":null},{"NIK":null,"Nama":"Widdy Yuanto","Jabatan":"GM","Departemen":"Sales \/ Marketing Dept","Jenis_APD":"Safety Helmet","Jumlah":1,"Tanggal_Keluar":"4 Okt 2024","Next_Date":"04-Okt-28","Ukuran":"11"},{"NIK":null,"Nama":"Widdy Yuanto","Jabatan":"GM","Departemen":"Sales \/ Marketing Dept","Jenis_APD":"Safety Shoes","Jumlah":1,"Tanggal_Keluar":"26 Mar 2024","Next_Date":"26-Mar-26","Ukuran":null},{"NIK":null,"Nama":"Widdy Yuanto","Jabatan":"GM","Departemen":"Sales \/ Marketing Dept","Jenis_APD":"Safety Glases Clear","Jumlah":1,"Tanggal_Keluar":"6 Mei 2024","Next_Date":null,"Ukuran":null},{"NIK":null,"Nama":"Iwan Setiawan","Jabatan":"Staff","Departemen":"Sales \/ Marketing Dept","Jenis_APD":"Safety Shoes","Jumlah":1,"Tanggal_Keluar":"6 Des 2023","Next_Date":"05-Des-25","Ukuran":null},{"NIK":null,"Nama":"Iwan Setiawan","Jabatan":"Staff","Departemen":"Sales \/ Marketing Dept","Jenis_APD":"Safety Glases Clear","Jumlah":1,"Tanggal_Keluar":"30 Mei 2024","Next_Date":null,"Ukuran":null},{"NIK":null,"Nama":"Muhammad Naufal Lukman Hakim","Jabatan":"Staff","Departemen":"Sales \/ Marketing Dept","Jenis_APD":"Safety Helmet","Jumlah":1,"Tanggal_Keluar":"2 Jun 2024","Next_Date":"02-Jun-28","Ukuran":"9"},{"NIK":null,"Nama":"Muhammad Naufal Lukman Hakim","Jabatan":"Staff","Departemen":"Sales \/ Marketing Dept","Jenis_APD":"Safety Shoes","Jumlah":1,"Tanggal_Keluar":"30 Mei 2024","Next_Date":"30-Mei-26","Ukuran":null},{"NIK":null,"Nama":"Villaniea Annisa Fitri","Jabatan":"Staff","Departemen":"Sales \/ Marketing Dept","Jenis_APD":"Safety Helmet","Jumlah":1,"Tanggal_Keluar":"16 Okt 2024","Next_Date":"16-Okt-28","Ukuran":null},{"NIK":null,"Nama":"Amrinal","Jabatan":"Manager","Departemen":"Sales \/ Marketing Dept","Jenis_APD":"Safety Helmet","Jumlah":1,"Tanggal_Keluar":"16 Okt 2024","Next_Date":"16-Okt-28","Ukuran":"8"},{"NIK":null,"Nama":"Amrinal","Jabatan":"Manager","Departemen":"Sales \/ Marketing Dept","Jenis_APD":"Safety Shoes","Jumlah":3,"Tanggal_Keluar":"7 Agu 2024","Next_Date":"07-Agu-26","Ukuran":null},{"NIK":null,"Nama":"Vahlen Paraditha","Jabatan":"Staff","Departemen":"Sales \/ Marketing Dept","Jenis_APD":"Safety Helmet","Jumlah":1,"Tanggal_Keluar":"6 Jan 2025","Next_Date":"06-Jan-29","Ukuran":null},{"NIK":null,"Nama":"Divia Intan","Jabatan":"Staff","Departemen":"Sales \/ Marketing Dept","Jenis_APD":"Safety Shoes","Jumlah":1,"Tanggal_Keluar":"20 Mei 2024","Next_Date":"20-Mei-26","Ukuran":null},{"NIK":null,"Nama":"Hajis","Jabatan":"Staff","Departemen":"Sales \/ Marketing Dept","Jenis_APD":"Safety Shoes","Jumlah":1,"Tanggal_Keluar":"30 Jun 2025","Next_Date":"30-Jun-27","Ukuran":null},{"NIK":"TP00121","Nama":"Erwin Herdiyansyah","Jabatan":"Manager","Departemen":"Customer Services","Jenis_APD":"Safety Shoes","Jumlah":1,"Tanggal_Keluar":"6 Jan 2025","Next_Date":"06-Jan-27","Ukuran":null},{"NIK":"TP00121","Nama":"Erwin Herdiyansyah","Jabatan":"Manager","Departemen":"Customer Services","Jenis_APD":"Safety Glases Clear","Jumlah":1,"Tanggal_Keluar":"6 Mei 2024","Next_Date":null,"Ukuran":null},{"NIK":"TP00153","Nama":"Ahmad Sofwan","Jabatan":"Staff","Departemen":"Customer Services","Jenis_APD":"Safety Shoes","Jumlah":1,"Tanggal_Keluar":"26 Nov 2024","Next_Date":"26-Nov-26","Ukuran":null},{"NIK":"TP00116","Nama":"Widiyanto","Jabatan":"Staff","Departemen":"Customer Services","Jenis_APD":"Safety Shoes","Jumlah":2,"Tanggal_Keluar":"7 Agu 2024","Next_Date":"07-Agu-26","Ukuran":null},{"NIK":"TP00116","Nama":"Widiyanto","Jabatan":"Staff","Departemen":"Customer Services","Jenis_APD":"Ear Plug","Jumlah":1,"Tanggal_Keluar":"11 Nov 2024","Next_Date":null,"Ukuran":null},{"NIK":"TP00116","Nama":"Widiyanto","Jabatan":"Staff","Departemen":"Customer Services","Jenis_APD":"Fastrack","Jumlah":2,"Tanggal_Keluar":"11 Jul 2024","Next_Date":null,"Ukuran":null},{"NIK":"TP00116","Nama":"Widiyanto","Jabatan":"Staff","Departemen":"Customer Services","Jenis_APD":"Body Harness","Jumlah":2,"Tanggal_Keluar":"19 Des 2024","Next_Date":null,"Ukuran":null},{"NIK":"TP00120","Nama":"Syaiful Fahmi","Jabatan":"Staff","Departemen":"Customer Services","Jenis_APD":"Safety Shoes","Jumlah":1,"Tanggal_Keluar":"16 Okt 2024","Next_Date":"16-Okt-26","Ukuran":null},{"NIK":"TP00140","Nama":"Dean Hermawan","Jabatan":"Staff","Departemen":"Customer Services","Jenis_APD":"Safety Helmet","Jumlah":1,"Tanggal_Keluar":"29 Agu 2023","Next_Date":"29-Agu-27","Ukuran":"10"},{"NIK":"TP00140","Nama":"Dean Hermawan","Jabatan":"Staff","Departemen":"Customer Services","Jenis_APD":"Safety Shoes","Jumlah":1,"Tanggal_Keluar":"6 Agu 2023","Next_Date":"05-Agu-25","Ukuran":null},{"NIK":"TP00140","Nama":"Dean Hermawan","Jabatan":"Staff","Departemen":"Customer Services","Jenis_APD":"Safety Glases Clear","Jumlah":1,"Tanggal_Keluar":"19 Agu 2024","Next_Date":null,"Ukuran":null},{"NIK":"TP00140","Nama":"Dean Hermawan","Jabatan":"Staff","Departemen":"Customer Services","Jenis_APD":"Ear Plug","Jumlah":1,"Tanggal_Keluar":"25 Nov 2024","Next_Date":null,"Ukuran":null},{"NIK":"TP00140","Nama":"Dean Hermawan","Jabatan":"Staff","Departemen":"Customer Services","Jenis_APD":"Fastrack","Jumlah":2,"Tanggal_Keluar":"25 Nov 2024","Next_Date":null,"Ukuran":null},{"NIK":null,"Nama":"Team Cleaning KBP","Jabatan":null,"Departemen":"MAGANG","Jenis_APD":"Safety Glases Clear","Jumlah":4,"Tanggal_Keluar":"19 Nov 2024","Next_Date":null,"Ukuran":null}]